Producto,Color,Stock
Butter Squishy,,10
Cubo Gel Liso,Naranjo,5
Cubo Gel Liso,Morado,2
Cubo Gel Liso,Verde,0
Cubo Gel Liso,Verde agua,8
Cubo Gel Liso,Azul,6
Cubo Gel Liso,Rosado,4
Cubo Gel con Forma,Rosado,4
Cubo Gel con Forma,Azul,5
Cubo Gel con Forma,Morado,5
Cubo Gel con Forma,Naranjo,5
Cubo Gel con Cinta,Rosado claro transparente,6
Cubo Gel con Cinta,Morado,6
Cubo Gel con Cinta,Celeste,6
Cubo Gel con Cinta,Amarillo,6
Cubo Antiestres Sensorial,Celeste y negro,3
Cubo Antiestres Sensorial,Negro y azul,5
Cubo Antiestres Sensorial,Morado y negro,5
Cubo Antiestres Sensorial,Blanco y negro,5
Cubo Antiestres Sensorial,Rosado y negro,5
Cubo Antiestres Sensorial,Blanco y amarillo,5
Cubo Antiestres Sensorial,Blanco y verde,5
Cubo Antiestres Sensorial,Blanco y naranjo,5
Cubo Antiestres Sensorial,Gris y negro,5
Cubo Antiestres Sensorial,Gris y rojo,5
Cubo Antiestres Sensorial,Negro y verde,5
Cubo Antiestres Sensorial,Verde lima y negro,5
Dumplings,,12
